id,redshift,S_dust_ujy,e_dust_ujy,snr_dust,det_dust,lim3sig_dust_ujy,method_dust,engine_dust,why_dust,S_co_jykms,e_co_jykms,snr_co,det_co,lim3sig_co_jykms,method_co,engine_co,why_co,lorenzon25_dust_ujy,lorenzon25_dust_err_ujy,ratio_dust_vs_lorenzon25,nsig_dust_vs_lorenzon25,lorenzon25_co_jykms,lorenzon25_co_err_jykms,ratio_co_vs_lorenzon25,nsig_co_vs_lorenzon25,pb_cont,pb_line,chi2red_cont,chi2red_line,err_scale_cont,err_scale_line,err_scale_src_cont,err_scale_src_line,n_neighbors_cont,n_companions_cont,offset_as,position_source,rms_cont_ujy,pedestal_verdict,pedestal_snr,cog_gap_sig,flag_extended,mcmc_uv_nsig,mask_beams,validator_missed,ncomp_spec,boot_recovery_bias,boot_sig_ratio,S_kinms_jykms,kinms_flag,fallback_used,qa_flags,ndata,Dn4000_obs,Dn4000_err,logage_obs,logage_err,Z_obs,Z_flag,OH_obs,ALMA6_kind,has_nircam,has_miri,flag,chi2_noagn,rchi2_noagn,BIC_noagn,Dn4000_noagn,Dn4000_noagn_err,Dn4000_best_noagn,logage_noagn,logage_noagn_err,age_best_noagn,Z_noagn,Z_best_noagn,logMstar_noagn,logMstar_noagn_err,logMdust_noagn,logMdust_noagn_err,AV_noagn,AV_noagn_err,AvISM_noagn,SFR_noagn,SFR_noagn_err,age_bq_noagn,age_bq_noagn_err,r_sfr_noagn,umean_noagn,qpah_noagn,Ldust_noagn,UV_noagn,VJ_noagn,chi2_agn,rchi2_agn,BIC_agn,Dn4000_agn,Dn4000_agn_err,Dn4000_best_agn,logage_agn,logage_agn_err,age_best_agn,Z_agn,Z_best_agn,logMstar_agn,logMstar_agn_err,logMdust_agn,logMdust_agn_err,AV_agn,AV_agn_err,AvISM_agn,SFR_agn,SFR_agn_err,age_bq_agn,age_bq_agn_err,r_sfr_agn,umean_agn,qpah_agn,Ldust_agn,UV_agn,VJ_agn,fracAGN,fracAGN_err,fracAGN_best,agn_i_best,Lagn,Lagn_err,dchi2,dBIC,AGN_verdict,logMstar_L25,Mmol_L25,Mmol_L25_err,Mdust_L25,Mdust_L25_err,logDGR_L25,logage_L25,logage_L25_err,fH2pct_L25,logfdust_L25,logfdust_L25_err,tq_L25,SFR_L25,logReff_L25,T1_name,Sco_T1,Sco_T1_err,Mmol_T1,Mdust_T1,logDGR_T1,Sdust_T1_ujy,z,fid_run,logMstar,logMstar_err,logMdust,logMdust_err,logage,SFR,SFR_err,fracAGN_fid,co_det,co_lowsnr,co_ul,dust_det,dust_lowsnr,dust_ul,dust_det_ledger,dust_rule,mdust_input_kind,nu_obs_GHz,DL_Mpc,Lp32,Lp32_err,Lp32_ul3,MH2,MH2_err,MH2_ul3,MH2_fid,logMH2,logMH2_err,alpha_CO,R31,logMdust_ul_1sig,logMdust_ul,logMdust_fid,fH2,fH2_pct,fH2_pct_err,log_fdust,log_fdust_err,logDGR,logDGR_err,dgr_censor,tdep_Gyr,Mmol_pub,MH2_over_Mmol_L25,Mmol_L25_sameR31,MH2_over_Mmol_L25_sameR31,Sco_over_L25,logMdust_minus_L25,logMstar_minus_L25,alpha_CO_hmcmc,R31_hmcmc,MH2_hmcmc,logDGR_hmcmc
hc2,0.4192200005054474,6.4,29.0,0.2,False,86.9,uv_point_fixed,uvmcmc,"validated non-detection (detection gate): point flux at the FIXED catalogue-anchored centre, no shape fitted, no position searched; the 3-sigma limit is 3x the local visibility noise, not the tentative value plus errors",0.7711,0.1538,5.0,True,1.2326,uv_ell2d,uvmcmc,elliptical uv fit extrapolated to u=0 (the shape stage's free ellipse; validated non-detections are routed to uv_point_fixed instead),13.4,3.1,0.478,-0.24,0.428,0.039,1.802,2.16,0.5063,0.4891,3.474,8.212,1.8663536690314888,3.163975119674135,empirical_blanks,empirical_blanks,1,0,0.0,catalog_fallback,15.2,pedestal,-4.1,0.19,False,2.18,0.46,True,1.0,,0.15,0.2991,,False,CHI2RED_HIGH_LINE;PEDESTAL:pedestal;IMAGE_VALIDATOR_NONDETECTION,26,1.62,0.34,9.74036270970868,0.0620743980648755,0.0417859226170808,measured,9.01,UL3sig,True,False,,18.761861735055888,0.7504744694022355,51.34282711527071,1.5062150453593042,0.0202477263455965,1.4979874037070775,9.612839912160336,0.0620743980648755,3873.787636263117,0.0199999999999999,0.02,11.0837067591806,0.0432378780609057,7.610151660750695,0.1409338345455587,1.3370972885926375,0.0394050824788703,1.2957594757420736,6.814048422922282,1.205817896129376,515.0564665009372,532.9639327480276,0.5674128608842093,17.089579469519308,1.3820087326352302,3.3152127582241576e+37,1.9023132867666608,1.468600326036959,25.145187798650984,1.0058075119460392,64.24234625490877,1.5933259704864695,0.0223765586334172,1.5894183512064384,9.64367908120479,0.0700750481148767,4776.425715053748,0.020011679466797,0.02,10.82460299374299,0.0487315790873754,7.662816659562185,0.1560665706130746,1.025926945180146,0.0465663663478554,0.9972396793695646,2.5153597977482582,0.5182620113866697,1166.9729594077564,471.2989050172965,0.2796647271280357,10.367966170471954,1.0548439638994884,2.152780291331781e+37,1.961669764493274,1.4260359969627376,0.0827451881393375,0.0422255628185921,0.1,70.0,2.005613185553554e+36,1.0019218655004984e+36,-6.383326063595096,12.89951913963806,no AGN needed,10.7937514864966,1778701023.6347134,315953471.3035346,3044374.475970672,3267354.9763637665,-2.7666048828387075,9.74036270970868,0.0753703084628314,2.859904087814492,-4.197773346675879,0.2090530225233107,1.34012585519861,1.6289384240960418,0.244451087459729,hCOS-d11,0.48,0.04,3780000000.0,5000000.0,-2.77,21,0.4192200005054474,noagn,11.0837067591806,0.0432378780609057,7.610151660750695,0.1409338345455587,9.612839912160336,6.814048422922282,1.205817896129376,0.0,True,False,False,False,False,True,False,measured,UL3sig,243.6521397506001,2367.6887192770246,827853798.9164035,165119847.3263427,1323320701.0042264,7218885126.55104,1439845068.6857085,11539356512.756855,7218885126.55104,9.858470130980548,0.08662234640995997,4.36,0.5,7.732207606127445,7.610151660750695,7.610151660750695,0.05953376814996364,5.953376814996364,1.327141087044951,-3.4735550984299053,,-2.2483184702298527,,ul,1.0594120673206397,3780000000.0,1.9097579699870475,4536000000.0,1.5914649749892062,1.6064583333333333,0.9111816564146764,0.2899552726840007,2.0290237160106113,0.3373455377557328,4979271409.859689,-2.087014138670348
hc3,0.3384299874305725,294.5,62.0,4.7,True,480.6,uv_ell2d,uvmcmc,elliptical uv fit extrapolated to u=0 (the shape stage's free ellipse; validated non-detections are routed to uv_point_fixed instead),1.6334,0.1204,13.6,True,1.9945,uv_ell2d,uvmcmc,elliptical uv fit extrapolated to u=0 (the shape stage's free ellipse; validated non-detections are routed to uv_point_fixed instead),284.0,10.1,1.037,0.17,1.09,0.029,1.499,4.39,0.995,0.9937,3.461,3.871,1.7583381471948645,1.909708416574177,empirical_blanks,empirical_blanks,0,0,0.24,imfit,10.91,clean,-1.7,0.61,False,0.16,6.37,False,3.0,0.483,1.0,1.608,,False,CO_MOVED>3sig,26,1.53,0.05,9.57712125471966,0.0828382782515186,0.0555942653551858,measured,9.134,det,True,False,,18.505951114281192,0.7402380445712476,51.08691649449601,1.4108344369248356,0.0188126687441367,1.4055658478848767,9.541924098232773,0.0828382782515186,3868.1363510694314,0.02,0.02,11.162176726044768,0.0539569586584133,8.221295461502237,0.1190540974417376,0.5368652677635276,0.0152205401461692,0.4991514298173912,12.45884390913296,1.4221348189724676,827.3907314016615,665.6791160259014,0.5969940776243642,4.293556751321416,4.211748879104204,3.412464735502874e+37,1.508402091584559,1.0655228382819415,20.2704476113683,0.810817904454732,59.367606067626085,1.4248692901860676,0.0167253203907179,1.4153601930602084,9.407403609210824,0.0857465876522247,2619.7866601178225,0.0203451321699647,0.02,10.8502117885918,0.0541218246955969,8.227215381593195,0.1167645736843537,0.5357527521288646,0.0095020803679487,0.5003178941067934,7.312970456805778,0.9659256738915856,972.6640121239078,452.382204266062,0.267399406625928,4.099537865945112,4.326616962461319,3.3121833027415434e+37,1.5392871402490826,1.0328559723209163,0.0096077615650484,0.0303608300731252,0.0,30.0,3.5679067300225684e+35,1.1377425284266932e+36,-1.7644964970871089,8.280689573130076,no AGN needed,10.8922368150634,6009899664.39257,152751616.46997783,66616416.1714491,2369104.941308577,-1.9552859566746192,9.57712125471966,0.1165538598938173,7.702476933750884,-3.068655550245162,0.1558878903440968,0.322546814979237,8.073634298897217,0.948397169843486,hCOS-d6,1.2,0.03,6010000000.0,66600000.0,-1.96,284,0.3384299874305725,noagn,11.162176726044768,0.0539569586584133,8.221295461502237,0.1190540974417376,9.541924098232773,12.45884390913296,1.4221348189724676,0.0,True,False,False,True,False,False,True,measured,det,258.35941599293943,1842.2836135274827,1125779476.8175626,82982642.95875752,1374658483.2329059,9816797037.849146,723608646.6003656,11987021973.79094,9816797037.849146,9.991969812054649,0.03201240089454606,4.36,0.5,8.326509949487486,8.221295461502237,8.221295461502237,0.0675760941121286,6.75760941121286,0.9762126708350274,-2.940881264542531,0.13071048735787222,-1.7706743505524116,0.12328289390138392,det,0.7879380389903544,6010000000.0,1.633410488826813,7212000000.0,1.3611754073556774,1.3611666666666666,0.39782123233193545,0.2699399109813676,2.0290237160106113,0.3373455377557328,6771197486.877191,-1.6093700189929088
hc4,0.3555999994277954,101.9,59.9,1.7,True,281.6,uv_ell2d,uvmcmc,elliptical uv fit extrapolated to u=0 (the shape stage's free ellipse; validated non-detections are routed to uv_point_fixed instead),1.4563,0.1708,8.5,True,1.9687,uv_ell2d,uvmcmc,elliptical uv fit extrapolated to u=0 (the shape stage's free ellipse; validated non-detections are routed to uv_point_fixed instead),104.0,24.1,0.98,-0.03,0.853,0.064,1.707,3.31,0.9967,0.9982,3.472,3.996,1.8072714167497708,1.775498263245232,empirical_blanks,empirical_blanks,0,0,0.0,catalog_fallback,24.86,clean,0.4,0.97,False,0.63,2.34,False,2.0,-0.005,0.7,0.8918,,False,CO_MOVED>3sig,26,1.55,0.05,9.74036270970868,0.0470254996711579,0.0410232435765114,measured,9.002,UL3sig,True,False,,20.80812481954721,0.8323249927818884,53.38909019976203,1.640596815391036,0.0274602431053818,1.6430986363413005,9.699672152317309,0.0470254996711579,5447.013126820442,0.0199999999999999,0.02,11.419753529466403,0.0333399092241745,8.267487236775205,0.137403350618963,0.7055060579261629,0.0072214351693725,0.6999044920020451,1.748547670195696,1.6819366887808191,216.3100427227301,248.13549888071037,0.1609073713620817,3.058087427744665,4.344408507720641,2.6096677433245e+37,1.966963318077407,1.3349544368573625,24.009066568830864,0.9603626627532346,63.10622502508865,1.6616172012028343,0.0198725046159751,1.6511344087006534,9.707129588125069,0.0546493828358228,4609.322545314833,0.0203517363254616,0.02,11.172681565044266,0.0363806751058724,8.275123367851162,0.1340450609630605,0.7059779445572828,0.0277119209747405,0.6959005358967313,1.9487099595328072,0.848206247223856,347.7834533208718,259.840913984903,0.2130162697054112,3.1375092911709714,4.498867997864969,2.749634251773661e+37,1.984156200067588,1.33409884190818,0.0046675116646132,0.0236333886613419,0.0,30.0,1.3139561485805751e+35,6.619811522313378e+35,-3.200941749283654,9.717134825326616,no AGN needed,11.0822670498884,4733248488.17946,360681303.319654,25784698.78417891,5975108.083641458,-2.2637972424893364,9.74036270970868,0.0817447780647717,3.916447010909127,-3.670904987526821,0.2768087922395284,1.5666414855103,1.241880863050122,0.854019428956022,hCOS-d5,0.85,0.07,4730000000.0,25800000.0,-2.26,104,0.3555999994277954,noagn,11.419753529466403,0.0333399092241745,8.267487236775205,0.137403350618963,9.699672152317309,1.748547670195696,1.6819366887808191,0.0,True,False,False,True,True,False,True,measured,UL3sig,255.0870389834479,1951.58110700948,1112079808.617508,130428641.97752546,1503365734.550084,9697335931.14467,1137337758.044022,13109349205.276735,9697335931.14467,9.98665244052254,0.050935588483880655,4.36,0.5,8.38686947115155,8.267487236775205,8.267487236775205,0.03688917231639296,3.6889172316392957,0.5170902552543608,-3.1522662926911984,0.1413903472956831,-1.7191652037473357,0.1465404890653669,det,5.545937406475944,4730000000.0,2.050176729628894,5676000000.0,1.7084806080240786,1.7132941176470589,0.8558675308119748,0.3374864795780024,2.0290237160106113,0.3373455377557328,6688798437.331991,-1.5578608721878329
hc5,0.369269996881485,268.7,56.8,4.7,True,439.0,uv_ell2d,uvmcmc,elliptical uv fit extrapolated to u=0 (the shape stage's free ellipse; validated non-detections are routed to uv_point_fixed instead),1.3925,0.1818,7.7,True,1.9379,uv_ell2d,uvmcmc,elliptical uv fit extrapolated to u=0 (the shape stage's free ellipse; validated non-detections are routed to uv_point_fixed instead),97.0,15.1,2.77,2.92,0.885,0.023,1.573,2.77,0.7361,0.7056,3.481,3.474,2.0576714607844795,1.7085138465943517,empirical_blanks,empirical_blanks,0,0,0.857,imfit,12.39,clean,-0.7,2.47,True,0.37,3.56,False,2.0,0.017,0.73,0.962,,False,EXTENDED_BEYOND_COG,22,1.62,0.08,9.60205999132796,0.0782045312579878,0.0490941783137006,measured,9.08,det,False,False,no JWST coverage,14.252255420946804,0.6786788295688954,45.16267995452996,1.5755092125862769,0.0319828359081922,1.567808971786572,9.642352523411631,0.0782045312579878,4294.736775015197,0.0199999999999999,0.02,11.360257551414758,0.0523060952044532,8.332494700043682,0.0831292357516329,0.7007093960971768,0.0578668996929576,0.6820387358439541,5.862807515349671,1.8351788224755967,530.0835889950706,554.577606142951,0.4152100296941906,2.933011145758896,4.128287736144658,3.1525562010774293e+37,1.854265077218752,1.2940197626594443,15.596298687007796,0.7426808898575141,52.68880812730758,1.5808684239906232,0.030681195607988,1.56994820830139,9.536307111265266,0.1145493876148702,3152.4319191292625,0.0376452322192561,0.05,11.002156951064451,0.0978219253172406,8.329530099405586,0.0961814637556805,0.5748706886389883,0.0811079555117805,0.5490246953056407,4.497041520797078,1.2116244382398271,792.1958440116853,488.3931051193062,0.2640451676510259,2.5895305497201417,4.255892463373145,2.731090598603805e+37,1.8152295672887588,1.3686239849641366,0.0153202136643549,0.0428913698743282,0.0,30.0,4.89737737001589e+35,1.4155350845669527e+36,-1.344043266060993,7.526128172777618,no AGN needed,11.0614487233262,5309864268.313857,137996472.50985166,49598960.68949782,3900751.5958927977,-2.029610843453844,9.60205999132796,0.1104607471570026,4.609297038196504,-3.365976147068766,0.1357469726160559,1.8773873384753497,3.938853749301652,0.918027457975854,hCOS-d4,0.89,0.04,5310000000.0,49600000.0,-2.03,97,0.369269996881485,noagn,11.360257551414758,0.0523060952044532,8.332494700043682,0.0831292357516329,9.642352523411631,5.862807515349671,1.8351788224755967,0.0,True,False,False,True,False,False,True,measured,det,252.54039794018055,2039.5309763921566,1149767898.819602,150109733.5765915,1600097099.5493765,10025976077.70693,1308956876.7878778,13952846708.070564,10025976077.70693,10.00112666403803,0.056699990527835684,4.36,0.5,8.40855672075908,8.332494700043682,8.332494700043682,0.04373902649105736,4.3739026491057365,0.7769142394517546,-3.027762851371076,0.09821607522288744,-1.668631963994347,0.10062484167692995,det,1.7100981145052925,5310000000.0,1.8881310880804012,6372000000.0,1.5734425734003343,1.5646067415730338,0.637013023553485,0.2988088280885588,2.0290237160106113,0.3373455377557328,6915480044.979538,-1.5073276324348441
hc7,0.3708299994468689,166.4,49.7,3.3,True,315.4,uv_ell2d,uvmcmc,elliptical uv fit extrapolated to u=0 (the shape stage's free ellipse; validated non-detections are routed to uv_point_fixed instead),0.5815,0.1267,4.6,True,0.9615,uv_ell2d,uvmcmc,elliptical uv fit extrapolated to u=0 (the shape stage's free ellipse; validated non-detections are routed to uv_point_fixed instead),112.4,12.1,1.48,1.06,0.273,0.018,2.13,2.41,0.7036,0.6721,3.475,3.637,1.8084630288217136,1.835053674414875,empirical_blanks,empirical_blanks,0,0,0.814,imfit,10.56,clean,-1.7,1.43,False,1.9,1.05,False,1.0,0.376,0.68,,,False,ok,26,1.6,0.13,9.70205999132796,0.0519145194252441,0.0414028269758209,measured,9.006,det,True,True,"HELP ground photometry (V..Ks) 1.2-2x above COSMOS-Web (deblended) at <2um: edge-on disk + bright neighbour 4"" SW; fit is a compromise",71.13351904507054,2.845340761802822,103.71448442528536,1.5194915251797882,0.0245949624849234,1.4929959888412183,9.679276288861749,0.0519145194252441,4968.839225950728,0.0199999999999999,0.02,11.05561649320872,0.036959213228158,8.249710278896199,0.0985722679797198,0.3729167703109066,0.0297186227860552,0.3572903115416309,3.443375062306456,0.8361369578430158,443.7136305120284,455.7244265376372,0.4797692552288233,1.2827574627619192,4.258997393316186,1.1152114293616968e+37,1.6738350117097005,1.135858942768916,66.89665877161866,2.6758663508647462,105.99381722787643,1.5146949415041588,0.0192927286425055,1.5132589025338536,9.557536103163802,0.1007354940960037,3095.313726328348,0.0417292144507322,0.05,10.695253294632735,0.0929822248703616,8.128888187144087,0.0956165066287459,0.2958528409150325,0.1293308677986921,0.2827376786988315,1.959082831457538,0.949540496374242,510.7058765547183,400.4282239438572,0.2448498413296405,1.1887676873686563,3.39908186000287,7.996526442988619e+36,1.6115207848846085,1.2693851329173826,0.0806949388492065,0.0825406679921834,0.1,70.0,1.978281179332075e+36,2.553149811475277e+36,4.236860273451882,2.279332802591071,no AGN needed,10.8239314721445,1652320018.4911623,108944177.04337336,38167843.34653303,3139954.666308271,-1.63639654347087,9.70205999132796,0.0688565533372846,2.4783503061915115,-3.359027153318478,0.2441236637737668,1.02462927143166,0.2267784571787961,0.848219986818745,hCOS-d3,0.27,0.04,1650000000.0,38200000.0,-1.64,112,0.3708299994468689,noagn,11.05561649320872,0.036959213228158,8.249710278896199,0.0985722679797198,9.679276288861749,3.443375062306456,0.8361369578430158,0.0,True,False,False,True,False,False,True,measured,det,252.2530073309812,2049.6195132884473,484346392.143304,105531707.45409565,800858221.918808,4223500539.489611,920236488.9997141,6983483695.132006,4223500539.489611,9.625672553993352,0.09462615796585042,4.36,0.5,8.338544589332413,8.249710278896199,8.249710278896199,0.03715831917163434,3.715831917163434,0.8691876750662699,-2.8059062143125217,0.10527333687648617,-1.3759622750971534,0.1366404105162297,det,1.2265583803875864,1650000000.0,2.5596972966603704,1980000000.0,2.133081080550309,2.1537037037037035,0.6676469159844904,0.23168502106422117,2.0290237160106113,0.3373455377557328,2913186055.3452325,-1.2146579435376506
hc9,0.4250400066375732,72.1,27.7,2.6,True,155.1,uv_ell2d,uvmcmc,elliptical uv fit extrapolated to u=0 (the shape stage's free ellipse; validated non-detections are routed to uv_point_fixed instead),0.6211,0.0597,10.4,True,0.8001,uv_ell2d,uvmcmc,elliptical uv fit extrapolated to u=0 (the shape stage's free ellipse; validated non-detections are routed to uv_point_fixed instead),26.3,11.2,2.741,1.53,0.388,0.031,1.601,3.47,0.8654,0.8933,3.478,3.676,1.6243196150164156,2.1894899334824447,empirical_blanks,empirical_blanks,2,1,1.596,imfit,11.7,clean,-0.4,-3.42,False,0.7,1.98,False,2.0,0.822,1.27,0.3657,DISAGREES_UV,False,POSITION_OFFSET>1as;CO_MOVED>3sig,22,1.81,0.14,9.60205999132796,0.0295519149438415,0.034043170167899,measured,8.921,UL3sig,False,False,no JWST (outside COSMOS-Web catalogue; DJA F444W imaging exists),21.308129964835864,1.0146728554683744,52.218554498419024,1.4950872864878604,0.0245138101439863,1.495452848035232,9.601665433908805,0.0561005705253429,3917.6289222644496,0.0199999999999999,0.02,11.160071995244325,0.0443379214364358,7.821381940099029,0.2000019940989226,1.0569927993804349,0.0694869578749688,1.015990632113755,8.49024007451424,1.4304616499160197,728.9222895270722,598.617470767325,0.5556462989054943,13.098323181945052,4.1389878009180565,3.624714899279856e+37,1.8079152719139373,1.3630007945948848,18.4218231754899,0.8772296750233286,55.51433261578968,1.5038261843833356,0.0216397536844899,1.503416887399739,9.504606533502049,0.0295519149438415,3257.074566329346,0.0200143277050168,0.02,10.850434795992532,0.0314579100994563,7.83571633700345,0.1915697041564958,1.0377900317912925,0.0268720328513996,0.9981117174993428,5.011133726097971,0.8522005739580143,923.2216858400682,456.6566841703998,0.2985442313427027,11.993714735346089,1.587854686521163,3.462835170077816e+37,1.820378440672982,1.320384087059509,0.1323578726119069,0.0672078787274684,0.1,70.0,5.551930255024558e+36,2.908109315772337e+36,2.886306789345962,3.2957781173706597,no AGN needed,10.7726624857911,3114442784.2450747,240807431.7715264,15901774.601195864,5161363.98875588,-2.2919347635311933,9.60205999132796,0.0659674671832726,5.256756628793748,-3.5712168925083088,0.1813599655538501,0.439138553427121,5.458459272550381,0.502860443746134,hCOS-d2,0.39,0.05,3840000000.0,8900000.0,-2.63,30,0.4250400066375732,agn,10.850434795992532,0.0314579100994563,7.83571633700345,0.1915697041564958,9.504606533502049,5.011133726097971,0.8522005739580143,0.1323578726119069,True,False,False,True,True,False,True,measured,UL3sig,242.65704000543573,2406.597937050745,686096191.1065556,65947420.075771004,883827986.6436243,5982758786.449165,575061503.0607232,7706980043.532405,5982758786.449165,9.776901493260587,0.04174429330160061,4.36,0.5,7.994412126255031,7.83571633700345,7.83571633700345,0.08442415009841615,8.442415009841616,1.016102517096686,-3.0147184589890825,0.19413539517159872,-1.941185156257137,0.19606513604885847,det,1.1938932611777997,3840000000.0,1.5580101006378035,4608000000.0,1.298341750531503,1.5925641025641024,0.8863263303585365,0.07777231020143205,2.0290237160106113,0.3373455377557328,4126645493.7600336,-1.779880824697634
hc10,0.3884499967098236,263.2,28.5,9.2,True,348.8,uv_ell2d,uvmcmc,elliptical uv fit extrapolated to u=0 (the shape stage's free ellipse; validated non-detections are routed to uv_point_fixed instead),0.7768,0.096,8.1,True,1.0649,uv_ell2d,uvmcmc,elliptical uv fit extrapolated to u=0 (the shape stage's free ellipse; validated non-detections are routed to uv_point_fixed instead),47.3,1.9,5.564,7.56,0.385,0.055,2.018,3.54,0.7211,0.7176,3.465,2.137,1.8364273315143056,1.337238956564946,empirical_blanks,empirical_blanks,0,0,3.155,imfit,14.03,clean,-0.6,0.35,False,1.0,1.98,False,1.0,0.842,0.97,6.1425,UNCONSTRAINED,False,POSITION_OFFSET>1as;DUST_MOVED>3sig;CO_MOVED>3sig,22,1.83,0.1,9.903089986991944,0.0416978056750705,0.0450847842430485,no-err(0.1dex),9.043,det,False,False,"new ALMA flux 5.6x L25, pipeline flags POSITION_OFFSET>1as/DUST_MOVED>3sig; incompatible with Herschel non-detections -> model under-predicts ALMA6",30.17972579404132,1.437129799716253,61.09015032762447,1.8287019442737087,0.055669222239969,1.880959135934316,9.776566366711748,0.0416978056750705,6992.715122173412,0.0199999999999999,0.02,11.093350312462992,0.0403771658316214,8.120274732796261,0.1189499036181277,0.2299844250598184,0.0661268956030339,0.2282687975110933,0.4213060301606358,0.2369535670781432,858.0046039945013,714.3217677736473,0.3315532476695513,0.5181621317039244,0.7833350368134068,3.579779461342272e+36,2.0212285020651044,1.2782785984079337,41.80412511972128,1.990672624748632,78.89663456002106,1.8609210456280088,0.0364079131180687,1.8485813646896647,9.775731338490925,0.0211640445161683,6014.824989027904,0.0200001409926531,0.02,10.849201403472714,0.0292510066232007,7.753162557260958,0.0643620485940326,0.2018657225357622,0.0066735279803365,0.1999310854844216,0.3032075588731117,0.1127599949793678,1200.6023795704084,398.6129229743201,0.2635929001357907,1.1146404574789543,0.674746224929421,3.218717980971372e+36,2.035092898475795,1.2602955756388412,0.0033802745586617,0.0195843041739096,0.0,30.0,2.7998510740185792e+34,1.5891599691712663e+35,-11.62439932567996,17.806484232396585,no AGN needed,10.853887921683928,2565263325.2469254,399781297.4410792,12890953.290275732,5205437.797976036,-2.298846917466212,9.903089986991944,0.0570335417606286,3.59123669944975,-3.743602886921837,0.451028852544892,1.670234,0.0464111926615618,,hCOS-d9,0.39,0.06,2570000000.0,12900000.0,-2.3,47,0.3884499967098236,noagn,11.093350312462992,0.0403771658316214,8.120274732796261,0.1189499036181277,9.776566366711748,0.4213060301606358,0.2369535670781432,0.0,True,False,False,True,False,False,True,measured,det,249.05181369111196,2164.2948122561584,712287406.3667053,88027279.88054031,976460941.0915351,6211146183.517671,767597880.5583116,8514739406.318187,6211146183.517671,9.793171750779598,0.053671820626560486,4.36,0.5,8.225407436775624,8.120274732796261,8.120274732796261,0.05009812111132026,5.009812111132026,0.7747695979143232,-2.9730755796667303,0.12561606223471633,-1.6728970179833365,0.13049806090563779,det,14.742599770407942,2570000000.0,2.416788398255903,3084000000.0,2.0139903318799193,1.991794871794872,1.0096850224970124,0.23946239077906384,2.0290237160106113,0.3373455377557328,4284177137.03454,-1.5115926864238336
hc11,0.346670001745224,137.0,41.9,3.3,True,262.8,uv_ell2d,uvmcmc,elliptical uv fit extrapolated to u=0 (the shape stage's free ellipse; validated non-detections are routed to uv_point_fixed instead),1.4209,0.5335,2.7,True,3.0214,uv_2comp_total,uvmcmc,companions labelled 'sum' are associated structure of the same source: total = main + those components,91.3,6.4,1.501,1.08,0.721,0.035,1.971,1.31,0.7027,0.6914,3.483,8.992,1.9523759806690784,2.5315057192070367,empirical_blanks,empirical_blanks,2,0,0.0,catalog_fallback,13.69,pedestal,-8.0,0.71,False,0.7,1.49,False,1.0,0.016,0.76,0.2228,,False,CHI2RED_HIGH_LINE;PEDESTAL:pedestal,26,2.02,0.05,9.95424248473279,0.0309280040140137,0.0521230709999779,measured,9.106,det,True,False,,24.832276838195227,0.9932910735278092,57.41324221841005,1.9089055768953371,0.0380094436876317,1.927100980785187,9.83507285351118,0.0309280040140137,7477.139897630031,0.0199999999999999,0.02,11.645355738801936,0.0254467631016925,7.85161664841925,0.1202811089611282,0.492457812054483,0.040633918519042,0.4883126326753545,1.8992396736381687,0.6101570808569526,1565.4636625067033,601.4545811208152,0.5522162866478347,6.369999008208732,1.731209984351897,2.178503725721476e+37,2.169613089795511,1.4454499815311252,27.36178270407933,1.0944713081631734,66.45894116033712,1.900323540564336,0.0164455001707491,1.9167929039919271,9.926905400792633,0.0307084862797493,9099.51626699746,0.0200000061736282,0.02,11.439481058838355,0.0217147240951625,7.87561442442871,0.1425823476408369,0.4991379680982288,0.0010551690370946,0.4999989884407684,0.0203627625763489,0.1394238052355776,821.7326096192069,481.88935291278585,0.1420122659827717,4.89444855021964,0.8468343337832696,1.731327954006131e+37,2.1043730960975204,1.4870611586256228,0.0980382068147965,0.0138740168731438,0.1,30.0,6.019164330261723e+36,8.940413093298148e+35,-2.529505865884108,9.045698941927071,no AGN needed,11.0354740519054,3795464551.866992,184245852.03237823,29005121.5756185,2675321.462096007,-2.116790249480059,9.95424248473279,0.0507491193725481,3.497767094169795,-3.455170142079842,0.2547684014157055,0.558044076380066,0.4241443626649591,1.00915975682548,hCOS-d8,0.72,0.08,3800000000.0,29000000.0,-2.12,91,0.346670001745224,noagn,11.645355738801936,0.0254467631016925,7.85161664841925,0.1202811089611282,9.83507285351118,1.8992396736381687,0.6101570808569526,0.0,True,True,False,True,False,False,True,measured,det,256.7785644975115,1894.5720311943985,1029361752.9926081,386490601.1834446,2188833556.542942,8976034486.095543,3370198042.3196373,19086628613.054455,8976034486.095543,9.953084512482967,0.16306292215876197,4.36,0.5,7.957793087708202,7.85161664841925,7.85161664841925,0.02031088156178551,2.031088156178551,0.7718351112005619,-3.7937390903826858,0.1229434135091118,-2.101467864063717,0.20262542228425648,det,4.7261199366697735,3800000000.0,2.3621143384461956,4560000000.0,1.9684286153718296,1.9734722222222223,0.38921865052029325,0.6098816868965358,2.0290237160106113,0.3373455377557328,6191276229.918844,-1.9401635325042141
hc12,0.3742699921131134,206.0,66.9,3.1,True,406.8,uv_ell2d,uvmcmc,elliptical uv fit extrapolated to u=0 (the shape stage's free ellipse; validated non-detections are routed to uv_point_fixed instead),1.6926,0.193,8.8,True,2.2717,uv_ell2d,uvmcmc,elliptical uv fit extrapolated to u=0 (the shape stage's free ellipse; validated non-detections are routed to uv_point_fixed instead),54.4,7.1,3.787,2.25,1.23,0.032,1.376,2.36,0.6863,0.6475,3.463,3.846,1.9362148319874783,2.066178897950392,empirical_blanks,empirical_blanks,0,0,0.0,catalog_fallback,17.58,clean,0.4,0.46,False,0.16,2.48,False,2.0,0.62,0.67,0.8236,,False,ok,22,1.63,0.08,9.60205999132796,0.0703804535187551,0.0322871711365297,measured,8.898,det,False,False,no JWST (outside COSMOS-Web catalogue; DJA F444W imaging exists at mosaic edge),27.88665751868686,1.327936072318422,58.797082052270014,1.6791663220150024,0.0356747070836223,1.692324101918418,9.657410389219953,0.0703804535187551,3944.480737210853,0.0199999999999999,0.02,11.437991409596185,0.0482708287582587,8.279113085303852,0.1196307052873381,1.011643845875363,0.0152524556029458,1.0004548017576884,3.427361843724049,1.977212855245472,609.4325000753983,639.638357452267,0.2758499562147518,4.135105948730268,4.126035766202264,3.738353266690292e+37,2.085526461137896,1.4869351412788552,26.783201770028228,1.2753905604775346,63.875711210328014,1.7208301407285236,0.0336715943148677,1.7302406830107888,9.61894879644025,0.0837155420853344,4634.594934525436,0.0465997834167333,0.05,11.098538352610271,0.06167889738928,8.279311999255272,0.1217115210723018,0.7613501756292,0.0979307413430287,0.7378691665435878,3.447381998503088,0.8085721951498086,808.7219323180642,490.1132423307956,0.2511438222612492,3.293019406076861,4.024964266806342,2.9729552455160185e+37,2.0804275452097447,1.6494415080402862,0.0249197532683748,0.0518857006510587,0.0,30.0,8.27041313316563e+35,1.7321450718056212e+36,1.1034557486586325,5.078629158058,no AGN needed,11.2648161150994,7588231881.145581,222094591.6432853,14256901.569585912,2909036.9011471258,-2.726115442366524,9.60205999132796,0.1104607471570026,5.563197504010444,-4.11,0.2057594914972212,0.903505428601043,0.9732334618445168,0.878271231546104,hCOS-d7,1.23,0.06,7590000000.0,14300000.0,-2.73,54,0.3742699921131134,noagn,11.437991409596185,0.0482708287582587,8.279113085303852,0.1196307052873381,9.657410389219953,3.427361843724049,1.977212855245472,0.0,True,False,False,True,False,False,True,measured,det,251.62158228332925,2071.903158102914,1437026025.5341914,163857983.53308454,1928684876.6430476,12530866942.65815,1428841616.4084973,16818132124.327375,12530866942.65815,10.097981118511147,0.049520758009764625,4.36,0.5,8.38477988713554,8.279113085303852,8.279113085303852,0.045707735853621055,4.570773585362105,0.7278256634340774,-3.158878324292333,0.12900224244777717,-1.8188680332072948,0.12947513707815725,det,3.6561260567231373,7590000000.0,1.6509706116809157,9108000000.0,1.3758088430674298,1.3760975609756099,1.1237770478387894,0.17317529449678482,2.0290237160106113,0.3373455377557328,8643244270.343975,-1.657563701647792
jw8,0.3712199926376343,-9.2,15.6,-0.6,False,46.7,uv_point_fixed,uvmcmc,"validated non-detection (detection gate): point flux at the FIXED catalogue-anchored centre, no shape fitted, no position searched; the 3-sigma limit is 3x the local visibility noise, not the tentative value plus errors",-0.014,0.035,-0.4,False,0.1049,uv_point_fixed,uvmcmc,"validated non-detection (detection gate): point flux at the FIXED catalogue-anchored centre, no shape fitted, no position searched; the 3-sigma limit is 3x the local visibility noise, not the tentative value plus errors",,,,,,,,,1.0,1.0,3.472,1.464,1.6802956137512224,1.2323992939254107,empirical_blanks,empirical_blanks,0,0,0.0,catalog_fallback,16.85,clean,1.0,-0.52,False,1.09,3.68,True,1.0,-0.574,0.38,,,False,IMAGE_VALIDATOR_NONDETECTION;NON_DETECTION_BOTH,27,1.94,0.11,9.8512,0.04743075202315,0.043856098707009,no-err(0.1dex),9.031,UL3sig,True,True,SPIRE 250um 10 mJy detection incompatible with ALMA limit (blend/confusion?),39.80141903932735,1.530823809204898,72.75978769937063,1.7088096894489615,0.0426911648198564,1.6985093859782572,9.738515262274891,0.04743075202315,5453.930455334505,0.0199999999999999,0.02,11.25595477706826,0.0392743278842785,7.27634007848553,0.304051580580301,0.1301933280851917,0.0404560618034897,0.1287305470175941,0.897970670637022,0.5820943147053841,489.2410077612833,483.70094658251753,0.199571356240898,7.187521868928624,0.9960832134100274,3.833719533161667e+36,1.8741931389721047,1.1593672526040442,40.86367407632286,1.571679772166264,80.41371646837482,1.695271343748623,0.0321136765177485,1.6748268295089677,9.728372827365588,0.0403861473833363,5433.789061427006,0.0200000000080137,0.02,11.00767798003874,0.0304160530681166,7.323857215558952,0.2396959779550692,0.2008410313994229,0.0161598310224127,0.1987190866178411,0.5724678566441963,0.2858756846298274,410.0213798110354,319.2721040632989,0.0936721806748428,7.530699404438232,0.4907819929030239,5.875476064789603e+36,1.8848132918920573,1.145120433434898,0.0016704489075795,0.0269788135275902,0.0,30.0,6.870016569369915e+31,1.025399213309002e+34,-1.0622550369955093,7.653928769004182,no AGN needed,11.105,900450000.0,909846455.8298086,1650000.0,2166673.972336348,-2.736975658197649,9.8512,0.0640065729284323,0.7070654271846385,-4.769206433704493,0.1426465714188999,1.928454769,0.1262902074772946,,hCOS-d14,0.13,0.13,900000000.0,1700000.0000000002,-2.74,28,0.3712199926376343,noagn,11.25595477706826,0.0392743278842785,7.27634007848553,0.304051580580301,9.738515262274891,0.897970670637022,0.5820943147053841,0.0,False,False,True,False,False,True,False,measured,UL3sig,252.18126322300628,2052.143246745137,-11686371.83009139,29215929.57522848,87564314.64118478,-101905162.35839693,254762905.89599234,763560823.6711313,763560823.6711313,8.882843637767838,,4.36,0.5,7.506815730363534,7.27634007848553,7.27634007848553,0.004235345664247452,0.4235345664247452,,-3.979614698582729,,-1.6065035592823076,,none,0.8503182215622476,900000000.0,0.8484009151901458,1080000000.0,0.7070007626584549,,1.0458911571072562,0.1509547770682591,2.0290237160106113,0.3373455377557328,526670879.5532595,-1.4451992277228047
jw22,0.371289998292923,88.8,21.9,4.1,True,154.4,uv_ell2d,uvmcmc,elliptical uv fit extrapolated to u=0 (the shape stage's free ellipse; validated non-detections are routed to uv_point_fixed instead),0.7232,0.0453,16.0,True,0.859,uv_ell2d,uvmcmc,elliptical uv fit extrapolated to u=0 (the shape stage's free ellipse; validated non-detections are routed to uv_point_fixed instead),66.0,5.1,1.345,1.01,0.64,0.025,1.13,1.61,1.0,1.0,3.471,2.826,2.120550195221986,2.036581829063451,empirical_blanks,empirical_blanks,0,0,0.316,imfit,13.25,clean,-2.0,1.09,False,0.51,2.06,False,2.0,0.016,1.05,0.8092,,False,ok,27,1.6,0.23,9.4987,0.0730301232089295,0.0442618941921128,no-err(0.1dex),9.035,det,True,True,,26.637700228150603,1.0245269318519463,59.5960688881939,1.4836556862964123,0.0237942181123875,1.493797710831586,9.560815019432146,0.0820515621655832,3020.2935105613365,0.0199999999999999,0.02,10.78388361101551,0.0465829492358583,7.8694723446626655,0.1146118528438696,0.5453947736943048,0.0568995111389447,0.5201633112259717,2.9577816545585245,0.7043200083146512,742.3147165685527,624.4521412367169,0.4564006980069655,2.90875818746948,4.559649541756576,1.0306459341304756e+37,1.6574021369934204,1.1465356223045828,22.068098944359157,0.8487730363215059,61.6181413364111,1.4968766222375145,0.0274035403252075,1.4888579169233365,9.469994324895568,0.0730301232089295,3151.713951430821,0.0203243044732415,0.02,10.46586888680844,0.043076508857071,7.868000050241525,0.1149775395573566,0.5051762628493148,0.0775166912758426,0.4831242840485559,1.6025260369254684,0.4317323516704751,830.5861801574739,522.1521664418633,0.2350434789784409,2.538663493308336,4.545777789838547,9.042421756987344e+36,1.6700631107758757,1.097348501004754,0.1183402896693502,0.0884550305090674,0.1,70.0,1.1762796311055237e+36,6.423626723424405e+35,4.5696012837914495,2.0220724482172017,no AGN needed,10.42,3398086614.7373548,151700295.30077472,9755984.3222002,2884285.6144777783,-2.541963350788156,9.6215,0.1059184841495438,12.919164987019746,-3.590311366914801,0.2814293592201292,0.945105286,1.1081232522097997,,hCOS-d1,0.56,0.02,4290000000.0,19200000.0,-2.34,66,0.371289998292923,agn,10.46586888680844,0.043076508857071,7.868000050241525,0.1149775395573566,9.469994324895568,1.6025260369254684,0.4317323516704751,0.1183402896693502,True,False,False,True,False,False,True,measured,det,252.1683891302867,2052.5963387502084,603920350.879544,37828528.61565728,717322430.04083,5266185459.669624,329864769.5285315,6255051589.956038,5266185459.669624,9.721496149622471,0.027203456900189864,4.36,0.5,7.970003216653894,7.868000050241525,7.868000050241525,0.1801470948366925,18.01470948366925,2.113308884955557,-2.5978688365669154,0.12278200282605271,-1.853496099380946,0.11815186274445269,det,3.2861777832783807,4290000000.0,1.2275490581980477,5148000000.0,1.022957548498373,1.2914285714285711,0.5846988215379758,0.04586888680844048,2.0290237160106113,0.3373455377557328,3632384535.6547065,-1.692191767821443
ctrl1,0.345019996166229,-30.8,27.5,-1.1,False,82.4,uv_point_fixed,uvmcmc,"validated non-detection (detection gate): point flux at the FIXED catalogue-anchored centre, no shape fitted, no position searched; the 3-sigma limit is 3x the local visibility noise, not the tentative value plus errors",0.0544,0.0275,2.0,False,0.0826,uv_point_fixed,uvmcmc,"validated non-detection (detection gate): point flux at the FIXED catalogue-anchored centre, no shape fitted, no position searched; the 3-sigma limit is 3x the local visibility noise, not the tentative value plus errors",,,,,,,,,1.0,1.0,3.473,0.822,2.939206062742339,0.7889224405247864,empirical_blanks,empirical_blanks,3,0,0.0,catalog_fallback,17.03,clean,-1.3,-0.99,False,1.48,4.05,True,1.0,0.329,0.57,,,False,IMAGE_VALIDATOR_NONDETECTION;NON_DETECTION_BOTH,29,1.73,0.07,9.55926,0.0522340229858533,0.02,unconstrained,,UL3sig,True,True,,41.90061232682348,1.4964504402436956,75.57357062668822,1.681247998841894,0.0250812598793999,1.6944654391886105,9.560828820072205,0.0522340229858533,3551.679896321279,0.0199999999999999,0.02,10.891929132046666,0.0302789530508525,6.905058616572554,0.3951460248423679,0.5085636484329336,0.0401734050489399,0.506012019520876,0.3271159270359855,0.2783307862436168,502.2630567341236,277.92403614898313,0.0549773777776729,20.861004962589245,0.4707380408725417,6.738609896864399e+36,1.9540520253884868,1.2200616418153991,43.21808868295306,1.5435031672483237,83.62563864279073,1.6868205455632888,0.0232914862752794,1.6798576312313425,9.52136152045512,0.0581208197145277,3195.7002121502137,0.0200000000000002,0.02,10.62929985446594,0.0380790873490721,6.920369792737209,0.3873718504503023,0.5060084713550722,0.0186273563518267,0.5017299831512485,0.3471498630271595,0.177016842156551,696.1986265660139,426.894663046344,0.088615226869993,20.820132148180697,0.4700009246782107,6.969538498239286e+36,1.9564078561026923,1.220823938156326,3.281667552125574e-06,0.0007050285376023,0.0,30.0,9.665445665257676e+30,2.1032158169259449e+33,-1.317476356129582,8.05206801610251,no AGN needed,10.74601,1188425996.173965,211101986.16248065,1999376.2187340225,1999376.2187340225,-2.7740776210361657,9.55926,0.0530285148822613,2.1328589868768573,-4.445115477844441,0.1819080643696106,0.85045765,0.0557054161062,,hCOS-d17,0.2,0.2,1500000000.0,3000000.0,,84,0.345019996166229,noagn,10.891929132046666,0.0302789530508525,6.905058616572554,0.3951460248423679,9.560828820072205,0.3271159270359855,0.2783307862436168,0.0,False,False,True,False,False,True,False,measured,UL3sig,257.0935680403547,1884.0772588261661,39022135.23986307,19726263.21868078,59250521.522292085,340273019.29160595,172013015.26689643,516664547.67438704,516664547.67438704,8.71320866228571,,4.36,0.5,7.18605954612222,6.905058616572554,6.905058616572554,0.006626428713629436,0.6626428713629436,,-3.986870515474112,,-1.8081500457131563,,none,1.5794539640912977,1500000000.0,0.3444430317829247,1800000000.0,0.2870358598191039,,0.42793736185289166,0.14591913204666618,2.0290237160106113,0.3373455377557328,356372620.6503966,-1.6468457141536534
ctrl2,0.345030009746552,169.1,485.1,0.3,False,1624.4,uv_ell2d,uvmcmc,elliptical uv fit extrapolated to u=0 (the shape stage's free ellipse; validated non-detections are routed to uv_point_fixed instead),0.0744,0.1112,0.7,False,0.408,uv_ell2d,uvmcmc,elliptical uv fit extrapolated to u=0 (the shape stage's free ellipse; validated non-detections are routed to uv_point_fixed instead),121.0,2.3,1.398,0.1,0.11,0.042,0.676,-0.3,0.9998,0.9983,3.468,1.375,1.952067650247356,1.2891368344715268,empirical_blanks,empirical_blanks,0,3,0.0,catalog_fallback,18.39,clean,-1.2,0.35,False,0.64,0.03,True,1.0,0.295,0.35,,,False,IMAGE_VALIDATOR_NONDETECTION;NON_DETECTION_BOTH,29,1.64,0.09,9.485,0.0814306882668493,0.02,unconstrained,,UL3sig,True,True,ALMA 3sig limit from uv_ell2d route is 1.6 mJy (uninformative),28.85270210069255,1.0304536464533054,62.525660400557285,1.7144303604026312,0.029617350167716,1.7204762604064423,9.5579304154045,0.0814306882668493,3003.6687682807283,0.02,0.02,10.472308510156514,0.0436412643044578,6.593265282222505,0.6504118863516057,0.0826528345654847,0.0436982624904063,0.0823912789250625,0.0462178848401755,0.043980024147888,635.776286112605,509.8629672057007,0.0352707328948141,8.421075405609443,0.921267009148596,4.575995316608087e+35,1.8730490869532856,1.0862932768732636,29.897568727518397,1.0677703116970856,70.30511868735607,1.7445135900190345,0.0220504438782216,1.7314729617915872,9.506681669148469,0.0974022583117927,4070.2119915659855,0.0200000007168022,0.02,10.193362582288326,0.0492486977995443,4.512279878967789,8.748488565919006,0.0009305637807366,0.0136461218271895,0.0009257499618296,0.0233112796418757,0.0245978346327755,784.3825417911513,452.4394116421121,0.0854225639709076,9.449939221841731,2.264997001590804,5.433968007814044e+33,1.8753640374057488,1.0627578968483544,0.2587965350283218,0.215630881315646,0.0,30.0,1.577856876393943e+28,5.631294162574304e+31,-1.0448666268258435,7.779458286798786,no AGN needed,10.37235,1188497451.9188344,211114678.95926663,24955000.0,2999441.414530779,-1.677840680756651,9.485,0.1288986541977998,5.042527263056723,-2.761441316571098,0.2795207944794755,1.20023056,0.1121254647273963,,hCOS-d13,0.12,0.12,1180000000.0,34800000.0,-1.53,121,0.345030009746552,noagn,10.472308510156514,0.0436412643044578,6.593265282222505,0.6504118863516057,9.5579304154045,0.0462178848401755,0.043980024147888,0.0,False,False,True,False,False,True,False,measured,UL3sig,257.09165401087176,1884.1409129507697,53371717.34466695,79770631.30009362,292683611.2449478,465401375.24549586,695599904.9368165,2552201090.055945,2552201090.055945,9.406914889822275,,4.36,0.5,6.990793160806644,6.593265282222505,6.593265282222505,0.08602137489221447,8.602137489221446,,-3.8790432279340097,,-2.8136496075997703,,none,55.221070779885856,1180000000.0,2.1628822797084277,1416000000.0,1.8024018997570233,,-0.9483139617240761,0.09995851015651347,2.0290237160106113,0.3373455377557328,1760396750.6267605,-2.6523452760402675
ctrl3,0.346419990062714,14.6,15.8,0.9,False,47.4,uv_point_fixed,uvmcmc,"validated non-detection (detection gate): point flux at the FIXED catalogue-anchored centre, no shape fitted, no position searched; the 3-sigma limit is 3x the local visibility noise, not the tentative value plus errors",0.0218,0.0276,0.8,False,0.0829,uv_point_fixed,uvmcmc,"validated non-detection (detection gate): point flux at the FIXED catalogue-anchored centre, no shape fitted, no position searched; the 3-sigma limit is 3x the local visibility noise, not the tentative value plus errors",,,,,,,,,1.0,1.0,3.469,0.791,1.684908336327677,0.9250317232918888,empirical_blanks,empirical_blanks,0,0,0.0,catalog_fallback,17.43,clean,-1.3,0.79,False,0.64,4.06,True,1.0,0.275,0.37,,,False,IMAGE_VALIDATOR_NONDETECTION;NON_DETECTION_BOTH,29,1.74,0.14,9.620115,0.0751560981414341,0.02,unconstrained,,UL3sig,True,True,,40.862012724031295,1.459357597286832,74.53497102389603,1.779446142175647,0.0360172058421112,1.7741076224251848,9.649174287706026,0.0751560981414341,4098.315059574848,0.0199999999999999,0.02,11.098848136682795,0.0460599298861937,6.838452926363919,0.3919236876936214,0.1908908965511318,0.0393627765230738,0.1903819224254119,0.1824914846266158,0.1731902618733008,720.4663872483189,550.3338656837994,0.0534938161257416,15.125114096680752,0.5466395938764488,3.566742426630825e+36,1.968927260906002,1.1886112720764612,42.189055910988586,1.506751996821021,82.59660587082627,1.7808240099999095,0.0360937657583532,1.7926911594600772,9.61254692141986,0.0930048980342838,4092.8375370150056,0.0200000000000015,0.02,10.833262262499067,0.0523899571776368,6.865368176875722,0.3719827560584595,0.2006525899679516,0.0006428799557183,0.1999994458077942,0.1356639615812874,0.1099582100345519,785.9243319741171,441.630461080145,0.0623691573652818,14.84748566324412,0.4719238073420326,3.775999780824872e+36,1.9700093643561063,1.1731868998467363,5.576815319549956e-06,0.0008953773157677,0.0,30.0,2.0155785376143536e+31,2.965158577831574e+33,-1.3270431869572905,8.061634846930232,no AGN needed,10.92483,1198437684.7317617,212880378.20893133,2008482.178923975,2008482.178923975,-2.775747474278767,9.620115,0.1062362313313367,1.42490351206668,-4.621962017369858,0.2036381817589841,1.02056425,0.067123793676722,,hCOS-d16,0.2,0.2,1500000000.0,3000000.0,,84,0.346419990062714,noagn,11.098848136682795,0.0460599298861937,6.838452926363919,0.3919236876936214,9.649174287706026,0.1824914846266158,0.1731902618733008,0.0,False,False,True,False,False,True,False,measured,UL3sig,256.8262447469258,1892.9810631043815,15769282.641980432,19964779.858654127,59966675.734870546,137508144.6380694,174092880.367464,522909412.4080712,522909412.4080712,8.718426459232786,,4.36,0.5,7.117763356501449,6.838452926363919,6.838452926363919,0.004164648213246947,0.4164648213246947,,-4.260395210318876,,-1.879973532868867,,none,2.8653907522203728,1500000000.0,0.34860627493871416,1800000000.0,0.2905052291155951,,0.3613316716442565,0.1740181366827951,2.0290237160106113,0.3373455377557328,360680055.3694376,-1.7186692013093623
ctrl4,0.359730005264282,12.8,12.5,1.0,False,37.5,uv_point_fixed,uvmcmc,"validated non-detection (detection gate): point flux at the FIXED catalogue-anchored centre, no shape fitted, no position searched; the 3-sigma limit is 3x the local visibility noise, not the tentative value plus errors",0.0216,0.0243,0.9,False,0.073,uv_point_fixed,uvmcmc,"validated non-detection (detection gate): point flux at the FIXED catalogue-anchored centre, no shape fitted, no position searched; the 3-sigma limit is 3x the local visibility noise, not the tentative value plus errors",,,,,,,,,1.0,1.0,3.486,1.421,1.8425386621800188,1.189948480796444,empirical_blanks,empirical_blanks,1,0,0.0,catalog_fallback,13.4,clean,-0.5,0.89,False,0.19,3.67,True,1.0,0.208,0.3,,,False,IMAGE_VALIDATOR_NONDETECTION;NON_DETECTION_BOTH,29,1.86,0.09,9.5167,0.0481164419859788,0.02,unconstrained,,UL3sig,True,True,,18.1632497941132,0.6486874926469001,51.836208093977945,1.785173780539956,0.0305823054286586,1.790362020923007,9.53445627935873,0.0481164419859788,3352.746536837857,0.02,0.02,10.782581084929731,0.0353638678291954,6.747080053300458,0.5300333217133151,0.0723462333477712,0.0337878361396824,0.0721334874393869,0.0953968120575721,0.0614293781904431,1269.7727443916508,686.3188343115621,0.0613040782957216,8.581252587594692,1.2894633223217191,7.802686173246667e+35,1.9371359100716616,1.143525609035212,20.513623857754336,0.7326294234912263,60.92117381759202,1.8394654132888275,0.0208670294741939,1.8359654580031917,9.601848990091492,0.0191749203829899,4006.545228023635,0.0200000009717285,0.02,10.57458820089132,0.0217147240951625,4.562141672388696,9.588774691159689,0.0007273309373291,0.012065201232853,0.0007241907163503,0.0578270969726171,0.0342830751077091,921.863675503863,468.3743903260656,0.160579918967721,9.452864802022397,2.266870167943943,8.207696642999706e+33,1.962073979978993,1.137767275784241,0.2590586220856127,0.2155825795756608,0.0,30.0,1.896403365229675e+29,2.423484241426598e+32,-2.3503740636411337,9.084965723614076,no AGN needed,10.68922,1295783675.6558857,230172100.2809797,1694128.206495209,2094128.206495209,-2.8835862310510136,9.5167,0.0493569772783473,2.6504066002008853,-4.368216733512488,0.3192540519396403,0.7181040000000001,0.0742882506056493,,hCOS-d15,0.2,0.2,1500000000.0,3000000.0,,84,0.359730005264282,noagn,10.782581084929731,0.0353638678291954,6.747080053300458,0.5300333217133151,9.53445627935873,0.0953968120575721,0.0614293781904431,0.0,False,False,True,False,False,True,False,measured,UL3sig,254.3122447553769,1978.0663652327974,16893756.975831255,19005476.597810164,57094641.63128156,147313560.82924855,165727755.93290463,497865275.02477527,497865275.02477527,8.69711183627538,,4.36,0.5,7.093520430573215,6.747080053300458,6.747080053300458,0.008213547089231216,0.8213547089231216,,-4.035501031629273,,-1.9500317829749214,,none,5.218887972108679,1500000000.0,0.3319101833498502,1800000000.0,0.2765918194582085,,0.2699587985807952,0.09336108492973061,2.0290237160106113,0.3373455377557328,343405704.1266686,-1.7887274514154186
ctrl6,0.361580014228821,-1.8,13.9,-0.1,False,41.6,uv_point_fixed,uvmcmc,"validated non-detection (detection gate): point flux at the FIXED catalogue-anchored centre, no shape fitted, no position searched; the 3-sigma limit is 3x the local visibility noise, not the tentative value plus errors",-0.0367,0.0342,-1.1,False,0.1025,uv_point_fixed,uvmcmc,"validated non-detection (detection gate): point flux at the FIXED catalogue-anchored centre, no shape fitted, no position searched; the 3-sigma limit is 3x the local visibility noise, not the tentative value plus errors",,,,,,,,,1.0,1.0,3.486,2.351,2.0482045170751126,1.6702920780798558,empirical_blanks,empirical_blanks,0,0,0.0,catalog_fallback,13.34,pedestal,2.2,-0.11,False,1.73,3.68,True,1.0,-0.728,0.38,,,False,PEDESTAL:pedestal;IMAGE_VALIDATOR_NONDETECTION;NON_DETECTION_BOTH,29,1.73,0.1,9.52355,0.0833576882008902,0.02,unconstrained,,UL3sig,True,True,,18.07167702934892,0.6454170367624613,51.74463532921365,1.7484815053968163,0.0372256351488498,1.7185879423414634,9.57973273499282,0.0833576882008902,3557.6807095857957,0.0199999999999999,0.02,10.905835460856292,0.0474041453609037,6.929309665999428,0.4078814450481726,0.2859115874932777,0.0864037484439492,0.2853015153204361,0.1119520849625903,0.1086183361052054,699.9300217713497,527.998609476507,0.0358297342850229,14.360329620468091,1.7891734918563964,3.721313951505414e+36,1.9657716342480969,1.1914263529838205,18.398424543178173,0.6570865908277919,58.805974503015854,1.7738517210247464,0.0328769310798325,1.792669705185718,9.530038096959991,0.1081948097191946,4092.8375370150056,0.0200000037631267,0.02,10.621824239141333,0.0612961206899048,6.925058510249082,0.4568866990386144,0.2008571328919503,0.0120239385848633,0.2004777935376603,0.0538169397182873,0.0600885656830482,766.2636125469829,434.2835471871658,0.0875820557346649,12.606792170621857,1.0217675983559469,2.496159911132834e+36,1.961156519553164,1.161206707513223,0.0985542114826928,0.049721689899883,0.1,70.0,3.008381637016189e+35,1.7707278025350916e+35,-0.3267475138292575,7.061339173802203,no AGN needed,10.69572,900000000.0,232630580.9197448,5000000.0,1105897.168340435,-2.255272505103306,9.52355,0.1307104829008176,1.81352066802884,-3.427752830098534,0.2997081808219384,1.895230115,0.0752680575488126,,hCOS-d12,0.13,0.13,900000000.0,5000000.0,,42,0.361580014228821,noagn,10.905835460856292,0.0474041453609037,6.929309665999428,0.4078814450481726,9.57973273499282,0.1119520849625903,0.1086183361052054,0.0,False,False,True,False,False,True,False,measured,UL3sig,253.96670506790142,1989.9545805375474,-29010330.737051606,27034150.169132557,81023403.2846809,-252970084.02709,235737789.4748359,706524076.6424176,706524076.6424176,8.849126966148878,,4.36,0.5,7.21692817793657,6.929309665999428,6.929309665999428,0.008775896755019165,0.8775896755019166,,-3.9765257948568635,,-1.9198173001494503,,none,6.310950589964522,900000000.0,0.7850267518249084,1080000000.0,0.6541889598540903,,0.23033966166340925,0.21011546085629185,2.0290237160106113,0.3373455377557328,487329424.631513,-1.7585129685899474
ctrl7,0.361770004034042,18.9,12.9,1.5,False,38.6,uv_point_fixed,uvmcmc,"validated non-detection (detection gate): point flux at the FIXED catalogue-anchored centre, no shape fitted, no position searched; the 3-sigma limit is 3x the local visibility noise, not the tentative value plus errors",0.0507,0.0497,1.0,True,0.1491,uv_point_fixed,uvmcmc,"validated non-detection (detection gate): point flux at the FIXED catalogue-anchored centre, no shape fitted, no position searched; the 3-sigma limit is 3x the local visibility noise, not the tentative value plus errors",32.6,8.3,0.58,-0.89,0.145,0.031,0.35,-1.61,1.0,1.0,3.488,5.256,1.901779213017711,2.4290732084589624,empirical_blanks,empirical_blanks,1,0,0.0,catalog_fallback,12.45,pedestal,-2.5,1.29,False,0.01,0.24,True,1.0,0.116,0.54,,,False,PEDESTAL:pedestal;IMAGE_VALIDATOR_NONDETECTION;NON_DETECTION_BOTH,29,1.66,0.09,9.78269,0.066794701398258,0.02,unconstrained,,UL3sig,True,True,,10.861345968324583,0.3879052131544495,44.53430426818933,1.7341231906386825,0.0354668883192495,1.700474245418045,9.688427697343036,0.066794701398258,5466.142076579881,0.0199999999999999,0.02,10.969926769770444,0.0433088705777998,6.875291854787181,0.4342449962502344,0.1844567831597406,0.0615634894729131,0.1837294327487519,0.1847961343570135,0.1728437772624952,449.6012058001562,374.7164906367468,0.0577573159736728,12.64165294669212,1.860161628444956,2.6064184541388396e+36,1.9251388315817155,1.165325835377962,11.127362940957136,0.3974058193198977,51.534912900794815,1.737689267066034,0.0236271371617021,1.709859856453232,9.688475582190744,0.0830160941257261,5438.06534922452,0.0200000030804743,0.02,10.726233557333464,0.0462663050446646,6.894944437996039,0.4114664715666554,0.201133451236793,0.0019936224951292,0.2000068565645373,0.1643436753487834,0.1217344838864702,536.301885597586,391.5448062163578,0.0571914218573165,12.932901937523404,1.069130163101407,2.9056929554847296e+36,1.932060180575011,1.1598437114444426,0.0083157248931492,0.0276322414215731,0.0,30.0,3.569581838651799e+34,1.3639174026521104e+35,-0.266016972632551,7.000608632605491,no AGN needed,10.74231,1840000000.0,175381641.75136727,59200000.0,2107103.90009252,-1.4924961162866166,9.4269,0.1196399318874529,3.330487615103942,-3.369443223458144,0.1262438989333445,0.88742592,0.0544273403785549,,hCOS-d10,0.35,0.03,2410000000.0,51200000.0,-1.49,93,0.361770004034042,noagn,10.969926769770444,0.0433088705777998,6.875291854787181,0.4342449962502344,9.688427697343036,0.1847961343570135,0.1728437772624952,0.0,False,False,True,False,False,True,False,measured,UL3sig,253.93127244368034,1991.1763106696128,40120569.1258806,39329236.401504256,117987709.20451277,349851362.77767885,342950941.4211171,1028852824.2633514,1028852824.2633514,9.012353254080475,,4.36,0.5,7.176297106919797,6.875291854787181,6.875291854787181,0.011026215705368518,1.1026215705368518,,-4.094634914983263,,-2.1370613992932936,,none,5.567501873581826,2410000000.0,0.4269098855864529,2892000000.0,0.35575823798871076,,-0.83397810618865,0.2276167697704441,2.0290237160106113,0.3373455377557328,709657705.1719178,-1.9757570677337908
